Workbook

Sheet Detailed Results
A1: 카테고리 | B1: ID | C1: 결과 | D1: 질문 | E1: 검증 상세 | F1: 사고과정 | G1: 누적 호출(AST) | H1: 정답(GT) | I1: Latency
A2: simple_python | B2: simple_python_0 | C2: FAIL | D2: Find the area of a triangle with a base of 10 units and height of 5 units. | E2: Step 0: Missing 'base', Missing 'height' | F2: N/A | G2: [{"calculate_triangle_area": "{\""}] | H2: [{"calculate_triangle_area": {"base": [10], "height": [5], "unit": ["units", ""]}}] | I2: 3696.07
A3: simple_javascript | B3: simple_javascript_0 | C3: FAIL | D3: Help me validate user input in a form field with the ID 'userInputField' after the user has finished typing? | E3: ❌ No tool calls generated | F3: N/A | G3: [] | H3: [{"validateUserInput": {"inputField": ["userInputField"], "isComplete": [true]}}] | I3: 813.58
A4: simple_java | B4: simple_java_0 | C4: FAIL | D4: Help me initialize the GIS geometry presentation in a user interface, providing a specific result set controller `mapController` and a composite UI element `mapArea` to display the GIS data? | E4: ❌ No tool calls generated | F4: N/A | G4: [] | H4: [{"GeometryPresentation.createPresentation": {"controller": ["mapController"], "parent": ["mapArea"]}}] | I4: 2521.62
A5: multiple | B5: multiple_0 | C5: FAIL | D5: Can I find the dimensions and properties of a triangle, if I know its three sides are 5 units, 4 units and 3 units long? | E5: ❌ No tool calls generated | F5: N/A | G5: [] | H5: [{"triangle_properties.get": {"side1": [5], "side2": [4], "side3": [3], "get_area": ["", true], "get_perimeter": ["", true], "get_angles": ["", true]}}] | I5: 7893.85
A6: parallel | B6: parallel_0 | C6: PASS | D6: Play songs from the artists Taylor Swift and Maroon 5, with a play time of 20 minutes and 15 minutes respectively, on Spotify. | E6: Step 0: ✅ OK Step 1: ✅ OK | F6: N/A | G6: [{"spotify.play": {"artist": "Taylor Swift", "duration": 20}}, {"spotify.play": {"artist": "Maroon 5", "duration": 15}}] | H6: [{"spotify.play": {"artist": ["Taylor Swift"], "duration": [20]}}, {"spotify.play": {"artist": ["Maroon 5"], "duration": [15]}}] | I6: 6983.6
A7: parallel_multiple | B7: parallel_multiple_0 | C7: PASS | D7: Find the sum of all the multiples of 3 and 5 between 1 and 1000. Also find the product of the first five prime numbers. | E7: Step 0: ✅ OK Step 1: ✅ OK | F7: N/A | G7: [{"math_toolkit.sum_of_multiples": {"lower_limit": 1, "multiples": [3, 5], "upper_limit": 1000}}, {"math_toolkit.product_of_primes": {"count": 5}}] | H7: [{"math_toolkit.sum_of_multiples": {"lower_limit": [1], "upper_limit": [1000], "multiples": [[3, 5]]}}, {"math_toolkit.product_of_primes": {"count": [5]}}] | I7: 6483.52
A8: live_simple | B8: live_simple_0-0-0 | C8: PASS | D8: Can you retrieve the details for the user with the ID 7890, who has black as their special request? | E8: Step 0: ✅ OK | F8: N/A | G8: [{"get_user_info": {"user_id": 7890, "special": "black"}}] | H8: [{"get_user_info": {"user_id": [7890], "special": ["black"]}}] | I8: 793.07
A9: live_multiple | B9: live_multiple_0-0-0 | C9: FAIL | D9: update my latte to a large size with coconut milk and make it extra sweet? make it served 'boiling hot' as the special request. The drink id is 'latte' | E9: ❌ No tool calls generated | F9: N/A | G9: [] | H9: [{"ChaDri.change_drink": {"drink_id": ["latte"], "new_preferences": [{"size": ["large"], "milk_type": ["coconut"], "sweetness_level": ["extra"], "temperature": ["hot"], "special_instructions": ["served boiling hot", "serve boiling hot", "boiling hot", "served 'boiling hot'"]}]}}] | I9: 8973.96
A10: live_parallel | B10: live_parallel_0-0-0 | C10: FAIL | D10: 请问北京的当前天气状况如何？还有，上海的天气情况是怎样的？ | E10: ❌ No tool calls generated | F10: N/A | G10: [] | H10: [{"get_current_weather": {"location": ["Beijing, China"], "unit": ["", "fahrenheit"]}}, {"get_current_weather": {"location": ["Shanghai, China"], "unit": ["", "fahrenheit"]}}] | I10: 7283.03
A11: live_parallel_multiple | B11: live_parallel_multiple_0-0-0 | C11: PASS | D11: I'd like to change my food order to a Caesar salad without anchovies, and for the drink, can you update my order 123 to a large hot coffee with regular sweetness and almond milk, please? | E11: Step 0: ✅ OK Step 1: ✅ OK | F11: N/A | G11: [{"ChaFod": {"foodItem": "Caesar salad", "removeIngredients": "anchovies"}}, {"ChaDri.change_drink": {"drink_id": "123", "new_preferences": {"size": "large", "temperature": "hot", "sweetness_level": "regular", "milk_type": "almond"}}}] | H11: [{"ChaFod": {"foodItem": ["Caesar salad"], "newIngredients": [""], "removeIngredients": ["anchovies", "anchovy"], "specialInstructions": [""]}}, {"ChaDri.change_drink": {"drink_id": ["123"], "new_preferences": [{"size": ["large"], "temperature": ["hot"], "sweetness_level": ["", "regular"], "milk_type": ["almond"], "special_instructions": [""]}]}}] | I11: 8387.32
A12: multi_turn_base | B12: multi_turn_base_0 | C12: FAIL | D12: Move 'final_report.pdf' within document directory to 'temp' directory in document. Make sure to create the directory | E12: ❌ No tool calls generated | F12: N/A | G12: [] | H12: [["cd(folder='document')", "mkdir(dir_name='temp')", "mv(source='final_report.pdf', destination='temp')"], ["cd(folder='temp')", "grep(file_name='final_report.pdf',pattern='budget analysis')"], ["sort('final_report.pdf')"], ["cd(folder='..')", "mv(source='previous_report.pdf',destination='temp')", "cd(folder='temp')", "diff(file_name1='final_report.pdf',file_name2='previous_report.pdf')"]] | I12: 3623.31
A13: multi_turn_miss_func | B13: multi_turn_miss_func_0 | C13: FAIL | D13: Move 'final_report.pdf' within document directory to 'temp' directory in document. Make sure to create the directory | E13: ❌ No tool calls generated | F13: N/A | G13: [] | H13: [["cd(folder='document')", "mkdir(dir_name='temp')", "mv(source='final_report.pdf', destination='temp')"], ["cd(folder='temp')", "grep(file_name='final_report.pdf',pattern='budget analysis')"], [], ["sort('final_report.pdf')"], ["cd(folder='..')", "mv(source='previous_report.pdf',destination='temp')", "cd(folder='temp')", "diff(file_name1='final_report.pdf',file_name2='previous_report.pdf')"]] | I13: 3353.04
... A17: memory | B17: memory_0-customer-0 | C17: FAIL | D17: What is my first name? | E17: ❌ Answer mismatch (Expected: ['Michael']) | F17: N/A | G17: [] | H17: ["Michael"] | I17: 747.18

Sheet Summary (BFCL)
A1: 지표 (Metric) | B1: 값 (Value) | C1: 설명 (Description)
A2: 테스트 모델 (Model) | B2: meta-llama/llama-3.3-70b-instruct | C2: 평가에 사용된 LLM 모델
A4: 전체 정확도 (Overall Accuracy) | B4: =ROUND(AVERAGE(VALUE(LEFT(B14,FIND("%",B14)-1)),VALUE(LEFT(B15,FIND("%",B15)-1)),VALUE(LEFT(B16,FIND("%",B16)-1)),VALUE(LEFT(B17,FIND("%",B17)-1)),VALUE(LEFT(B18,FIND("%",B18)-1)),VALUE(LEFT(B19,FIND("%",B19)-1)),VALUE(LEFT(B20,FIND("%",B20)-1)),VALUE(LEFT(B21,FIND("%",B21)-1)),VALUE(LEFT(B22,FIND("%",B22)-1)),VALUE(LEFT(B23,FIND("%",B23)-1)),VALUE(LEFT(B24,FIND("%",B24)-1)),VALUE(LEFT(B25,FIND("%",B25)-1)),VALUE(LEFT(B26,FIND("%",B26)-1)),VALUE(LEFT(B27,FIND("%",B27)-1)),VALUE(LEFT(B28,FIND("%",B28)-1)),VALUE(LEFT(B29,FIND("%",B29)-1))),1)&"%" | C4: 모든 카테고리의 비가중 평균 (BFCL 표준)
A5: 📊 점수 산출 공식 | B5: Σ(Category Acc) / N | C5: N = 카테고리 수, 각 카테고리에 동일한 가중치 부여
A7: ━━━ 그룹별 점수 (Group Scores) ━━━
A8: AGENTIC (에이전트 기능) | B8: =ROUND(AVERAGE(VALUE(LEFT(B28,FIND("%",B28)-1)),VALUE(LEFT(B29,FIND("%",B29)-1))),1)&"%" | C8: AGENTIC 그룹 내 카테고리들의 평균 정확도
A9: AST_LIVE (AST 실행 평가) | B9: =ROUND(AVERAGE(VALUE(LEFT(B20,FIND("%",B20)-1)),VALUE(LEFT(B21,FIND("%",B21)-1)),VALUE(LEFT(B22,FIND("%",B22)-1)),VALUE(LEFT(B23,FIND("%",B23)-1))),1)&"%" | C9: AST_LIVE 그룹 내 카테고리들의 평균 정확도
A10: AST_NON_LIVE (AST 비실행 평가) | B10: =ROUND(AVERAGE(VALUE(LEFT(B14,FIND("%",B14)-1)),VALUE(LEFT(B15,FIND("%",B15)-1)),VALUE(LEFT(B16,FIND("%",B16)-1)),VALUE(LEFT(B17,FIND("%",B17)-1)),VALUE(LEFT(B18,FIND("%",B18)-1)),VALUE(LEFT(B19,FIND("%",B19)-1))),1)&"%" | C10: AST_NON_LIVE 그룹 내 카테고리들의 평균 정확도
A11: MULTI_TURN (멀티턴 대화) | B11: =ROUND(AVERAGE(VALUE(LEFT(B24,FIND("%",B24)-1)),VALUE(LEFT(B25,FIND("%",B25)-1)),VALUE(LEFT(B26,FIND("%",B26)-1)),VALUE(LEFT(B27,FIND("%",B27)-1))),1)&"%" | C11: MULTI_TURN 그룹 내 카테고리들의 평균 정확도
A13: ━━━ 카테고리별 점수 (Category Scores) ━━━
A14: simple_python (단일 Python) | B14: =IF(COUNTA('Detailed Results'!C2:C2)=0,0,ROUND(COUNTIF('Detailed Results'!C2:C2,"PASS")/COUNTA('Detailed Results'!C2:C2)*100,1))&"%"&" ("&COUNTIF('Detailed Results'!C2:C2,"PASS")&"/"&COUNTA('Detailed Results'!C2:C2)&")" | C14: 그룹: AST_NON_LIVE, 수식 자동 계산
A15: simple_javascript (단일 JavaScript) | B15: =IF(COUNTA('Detailed Results'!C3:C3)=0,0,ROUND(COUNTIF('Detailed Results'!C3:C3,"PASS")/COUNTA('Detailed Results'!C3:C3)*100,1))&"%"&" ("&COUNTIF('Detailed Results'!C3:C3,"PASS")&"/"&COUNTA('Detailed Results'!C3:C3)&")" | C15: 그룹: AST_NON_LIVE, 수식 자동 계산
A16: simple_java (단일 Java) | B16: =IF(COUNTA('Detailed Results'!C4:C4)=0,0,ROUND(COUNTIF('Detailed Results'!C4:C4,"PASS")/COUNTA('Detailed Results'!C4:C4)*100,1))&"%"&" ("&COUNTIF('Detailed Results'!C4:C4,"PASS")&"/"&COUNTA('Detailed Results'!C4:C4)&")" | C16: 그룹: AST_NON_LIVE, 수식 자동 계산
A17: multiple (다중 파라미터) | B17: =IF(COUNTA('Detailed Results'!C5:C5)=0,0,ROUND(COUNTIF('Detailed Results'!C5:C5,"PASS")/COUNTA('Detailed Results'!C5:C5)*100,1))&"%"&" ("&COUNTIF('Detailed Results'!C5:C5,"PASS")&"/"&COUNTA('Detailed Results'!C5:C5)&")" | C17: 그룹: AST_NON_LIVE, 수식 자동 계산
A18: parallel (병렬 호출) | B18: =IF(COUNTA('Detailed Results'!C6:C6)=0,0,ROUND(COUNTIF('Detailed Results'!C6:C6,"PASS")/COUNTA('Detailed Results'!C6:C6)*100,1))&"%"&" ("&COUNTIF('Detailed Results'!C6:C6,"PASS")&"/"&COUNTA('Detailed Results'!C6:C6)&")" | C18: 그룹: AST_NON_LIVE, 수식 자동 계산
A19: parallel_multiple (병렬 다중) | B19: =IF(COUNTA('Detailed Results'!C7:C7)=0,0,ROUND(COUNTIF('Detailed Results'!C7:C7,"PASS")/COUNTA('Detailed Results'!C7:C7)*100,1))&"%"&" ("&COUNTIF('Detailed Results'!C7:C7,"PASS")&"/"&COUNTA('Detailed Results'!C7:C7)&")" | C19: 그룹: AST_NON_LIVE, 수식 자동 계산
A20: live_simple (실행 단일) | B20: =IF(COUNTA('Detailed Results'!C8:C8)=0,0,ROUND(COUNTIF('Detailed Results'!C8:C8,"PASS")/COUNTA('Detailed Results'!C8:C8)*100,1))&"%"&" ("&COUNTIF('Detailed Results'!C8:C8,"PASS")&"/"&COUNTA('Detailed Results'!C8:C8)&")" | C20: 그룹: AST_LIVE, 수식 자동 계산
A21: live_multiple (실행 다중) | B21: =IF(COUNTA('Detailed Results'!C9:C9)=0,0,ROUND(COUNTIF('Detailed Results'!C9:C9,"PASS")/COUNTA('Detailed Results'!C9:C9)*100,1))&"%"&" ("&COUNTIF('Detailed Results'!C9:C9,"PASS")&"/"&COUNTA('Detailed Results'!C9:C9)&")" | C21: 그룹: AST_LIVE, 수식 자동 계산
A22: live_parallel (실행 병렬) | B22: =IF(COUNTA('Detailed Results'!C10:C10)=0,0,ROUND(COUNTIF('Detailed Results'!C10:C10,"PASS")/COUNTA('Detailed Results'!C10:C10)*100,1))&"%"&" ("&COUNTIF('Detailed Results'!C10:C10,"PASS")&"/"&COUNTA('Detailed Results'!C10:C10)&")" | C22: 그룹: AST_LIVE, 수식 자동 계산
A23: live_parallel_multiple (실행 병렬 다중) | B23: =IF(COUNTA('Detailed Results'!C11:C11)=0,0,ROUND(COUNTIF('Detailed Results'!C11:C11,"PASS")/COUNTA('Detailed Results'!C11:C11)*100,1))&"%"&" ("&COUNTIF('Detailed Results'!C11:C11,"PASS")&"/"&COUNTA('Detailed Results'!C11:C11)&")" | C23: 그룹: AST_LIVE, 수식 자동 계산
A24: multi_turn_base (멀티턴 기본) | B24: =IF(COUNTA('Detailed Results'!C12:C12)=0,0,ROUND(COUNTIF('Detailed Results'!C12:C12,"PASS")/COUNTA('Detailed Results'!C12:C12)*100,1))&"%"&" ("&COUNTIF('Detailed Results'!C12:C12,"PASS")&"/"&COUNTA('Detailed Results'!C12:C12)&")" | C24: 그룹: MULTI_TURN, 수식 자동 계산
A25: multi_turn_miss_func (멀티턴 함수누락) | B25: =IF(COUNTA('Detailed Results'!C13:C13)=0,0,ROUND(COUNTIF('Detailed Results'!C13:C13,"PASS")/COUNTA('Detailed Results'!C13:C13)*100,1))&"%"&" ("&COUNTIF('Detailed Results'!C13:C13,"PASS")&"/"&COUNTA('Detailed Results'!C13:C13)&")" | C25: 그룹: MULTI_TURN, 수식 자동 계산
... A29: memory (메모리 관리) | B29: =IF(COUNTA('Detailed Results'!C17:C17)=0,0,ROUND(COUNTIF('Detailed Results'!C17:C17,"PASS")/COUNTA('Detailed Results'!C17:C17)*100,1))&"%"&" ("&COUNTIF('Detailed Results'!C17:C17,"PASS")&"/"&COUNTA('Detailed Results'!C17:C17)&")" | C29: 그룹: AGENTIC, 수식 자동 계산

Sheet Dataset Info
A1: 카테고리 (Category) | B1: 전체 개수 (Total Count) | C1: 그룹 (Group) | D1: 난이도 (Difficulty) | E1: 설명 (Description)
A2: simple_python (단일 Python) | B2: 399 | C2: AST_NON_LIVE | D2: ⭐ | E2: 기본 파라미터를 가진 단일 Python 함수 호출 | Single Python function call with basic parameters
A3: simple_javascript (단일 JavaScript) | B3: 49 | C3: AST_NON_LIVE | D3: ⭐ | E3: 기본 파라미터를 가진 단일 JavaScript 함수 호출 | Single JavaScript function call with basic parameters
A4: simple_java (단일 Java) | B4: 99 | C4: AST_NON_LIVE | D4: ⭐ | E4: 기본 파라미터를 가진 단일 Java 함수 호출 | Single Java function call with basic parameters
A5: multiple (다중 파라미터) | B5: 199 | C5: AST_NON_LIVE | D5: ⭐⭐ | E5: 단일 함수에 여러 파라미터 전달 | Multiple parameters in single function call
A6: parallel (병렬 호출) | B6: 199 | C6: AST_NON_LIVE | D6: ⭐⭐ | E6: 여러 함수를 병렬로 호출 (순서 무시) | Multiple functions called in parallel (order-independent)
A7: parallel_multiple (병렬 다중) | B7: 199 | C7: AST_NON_LIVE | D7: ⭐⭐⭐ | E7: 여러 함수를 다중 파라미터로 병렬 호출 (순서 무시) | Multiple functions with multiple parameters in parallel (order-independent)
A8: live_simple (실행 단일) | B8: 257 | C8: AST_LIVE | D8: ⭐⭐ | E8: 실제 API를 사용한 단순 함수 호출 | Simple function calls using live/real APIs
A9: live_multiple (실행 다중) | B9: 1052 | C9: AST_LIVE | D9: ⭐⭐ | E9: 실제 API에 다중 파라미터 함수 | Multiple parameter functions with live APIs
A10: live_parallel (실행 병렬) | B10: 15 | C10: AST_LIVE | D10: ⭐⭐⭐ | E10: 실제 API 병렬 함수 호출 (순서 무시) | Parallel function calls with live APIs (order-independent)
A11: live_parallel_multiple (실행 병렬 다중) | B11: 23 | C11: AST_LIVE | D11: ⭐⭐⭐ | E11: 실제 API 복잡한 병렬 호출 (순서 무시) | Complex parallel calls with live APIs (order-independent)
A12: multi_turn_base (멀티턴 기본) | B12: 200 | C12: MULTI_TURN | D12: ⭐⭐⭐ | E12: 기본 멀티턴 대화형 함수 호출 | Basic multi-turn conversational function calling
A13: multi_turn_miss_func (멀티턴 함수누락) | B13: 200 | C13: MULTI_TURN | D13: ⭐⭐⭐ | E13: 함수 누락 처리가 필요한 멀티턴 | Multi-turn with missing function handling
... A21: format_sensitivity (포맷 민감도) | B21: 9 | C21: AGENTIC | D21: ⭐⭐ | E21: 다양한 입력 포맷에 대한 민감도 | Sensitivity to various input formats

Sheet Reference
A1: 구분 (Section) | B1: 내용 (Content)
A2: 📊 BFCL 공식 (Official) | B2: Berkeley Function Calling Leaderboard (BFCL)
A3: 🌐 웹사이트 (Website) | B3: https://gorilla.cs.berkeley.edu/leaderboard.html
A4: 💻 GitHub | B4: https://github.com/ShishirPatil/gorilla/tree/main/berkeley-function-call-leaderboard
A5: 📁 Dataset | B5: https://huggingface.co/datasets/gorilla-llm/Berkeley-Function-Calling-Leaderboard
A7: ━━━ 평가 방법 (Evaluation Methods) ━━━
A8: 🌳 AST 평가 | B8: 추상 구문 트리 비교 (Abstract Syntax Tree comparison for structural correctness)
A9: ⚙️ 실행 평가 | B9: REST API 및 Python 함수 실제 실행 (Actual execution for REST APIs and Python functions)
A10: ✅ 관련성 탐지 | B10: 관련 없는 함수 호출 회피 능력 (Ability to avoid irrelevant function calls)
A11: 🔀 병렬 호출 순서 | B11: BFCL 표준: 병렬(parallel) 카테고리는 호출 순서 무시. 집합처럼 매칭 (Order-independent matching for parallel function calls)
A13: ━━━ 점수 산출 (Scoring) ━━━
A14: 📈 전체 정확도 | B14: Overall Accuracy = Σ(Category Accuracy) / N (모든 카테고리의 비가중 평균)
A15: 📊 카테고리 정확도 | B15: Category Accuracy = (PASS count / Total count) × 100%
A16: 📂 그룹 정확도 | B16: Group Accuracy = 동일 그룹 내 카테고리들의 평균 (Average of categories within same group)
A18: ━━━ 논문 (Papers) ━━━
A19: 📄 BFCL v1 | B19: AST 평가 메트릭 도입 (Introducing AST evaluation metric)
A20: 📄 BFCL v2 | B20: 기업 및 OSS 기여 함수 (Enterprise and OSS-contributed functions)
A21: 📄 BFCL v3 | B21: 멀티턴 상호작용 (Multi-turn interactions)
A22: 📄 BFCL v4 | B22: 종합적 에이전트 평가 (Holistic agentic evaluation)
